{
  "N": [
    10,
    15,
    20,
    25,
    30,
    35,
    40
  ],
  "time_cpu": [
    1.587867736816406e-05,
    2.6297569274902343e-05,
    3.8957595825195314e-05,
    5.800724029541016e-05,
    7.672309875488282e-05,
    9.95635986328125e-05,
    0.0001323223114013672
  ],
  "time_cpu_std": [
    4.263894826146728e-06,
    1.8469362646927176e-06,
    1.0403358568797793e-06,
    4.749319639501771e-06,
    2.7470952455204153e-06,
    7.736085903957706e-06,
    1.605780547386215e-05
  ],
  "num_interactions_G2": [
    20,
    49,
    90,
    144,
    210,
    289,
    380
  ],
  "num_interactions_G4": [
    45,
    189,
    498,
    1034,
    1860,
    3037,
    4630
  ]
}